,obs_number,y,x1,x2,x3,x4,x5,x6,x7,x8
1,1,40.13722226,32.15939704,-2.219811254,0.583476078,0,12.32213708,2.470627048,15.74099947,0
2,2,50.0939191,44.88346659,-7.084687329,-7.128548259,0,5.557316361,-1.676652844,8.90098696,1
3,3,48.51802016,42.62849614,6.507051783,4.904052816,0,9.335143166,-4.109667563,27.73529211,0
4,4,71.88191029,5.569931748,-5.650456916,1.717988647,0,18.81160517,15.78357067,27.91279789,1
5,5,45.00574317,1.973623387,-7.468638844,3.534729834,0,23.56173398,-1.134757251,21.70717886,1
6,6,34.80525077,26.97962027,9.393829065,6.82455339,0,18.99471398,8.467440853,6.792504767,1
7,7,38.6359183,0.190596411,5.759753794,-1.994443763,0,24.39166452,-2.925545438,16.4066872,0
8,8,44.25608313,46.13430375,-0.191314528,-3.348435176,0,12.89870043,11.62372493,17.96687487,0
9,9,57.645408,17.92384703,3.411715594,4.165302666,0,8.90182759,14.35708238,27.29539514,1
10,10,54.53971346,24.0453166,9.659092673,2.860489234,0,7.599628094,16.8315663,20.75885558,1
11,11,48.67234049,0.969634007,4.494498353,-2.164498896,0,11.37198139,-1.001662459,16.51392603,1
12,12,59.08318811,40.01062824,5.114773558,9.926402542,0,20.10188647,9.237756754,30.77611039,1
13,13,53.5127062,28.29742272,4.567861888,-0.354957446,0,19.73396554,19.68142899,19.78117633,0
14,14,37.8245447,9.41213757,4.367669569,0.990979509,0,19.3489337,-1.713842743,30.64727412,0
15,15,31.64234137,36.16324533,1.078212378,-4.792066167,0,9.401498811,-4.456113786,23.17712773,0
16,16,53.44612041,23.4008995,-8.109543356,-4.208431499,0,4.666302318,8.549676887,31.94992418,0
17,17,60.11350847,6.306432444,-4.19807151,-0.835713328,0,22.01422523,16.63614,37.98586706,0
18,18,31.92860676,11.77421638,9.014874073,-6.342978188,0,15.38707704,11.07042388,10.86905734,0
19,19,49.59697608,3.722725878,-8.548841388,-1.018061643,1,22.18134886,11.12802768,25.53906119,0
20,20,44.46995451,16.1749523,-3.96465295,-5.312759497,1,21.81546121,-2.90593381,25.47749288,1
21,21,52.06170873,19.66295637,5.885008276,0.829238718,0,13.51768283,9.473491261,29.90190892,0
22,22,29.69703708,48.57776155,6.229016101,-4.743785272,0,5.747354002,13.69350521,0.514830474,1
23,23,46.83814558,42.64325973,6.082642269,3.472448483,1,24.25789515,19.19533026,10.2208866,0
24,24,44.34171371,6.729451322,4.655084116,8.743371817,1,20.40558016,3.561424707,19.09584851,1
25,25,35.59910189,49.68404579,-5.760464282,-1.627979943,1,20.85754496,-1.269737638,19.44459688,0
26,26,35.56475072,49.23489062,-2.187469876,-1.533212935,1,2.356659377,3.706304961,16.56795125,0
27,27,44.58479614,31.78110025,-1.968349284,4.035601486,0,17.18014101,15.0302708,17.25938422,1
28,28,54.00558539,40.80068009,-2.436159626,-3.931753388,0,14.44628733,11.47642603,21.64225262,1
29,29,47.1816067,17.49596742,5.672537191,-1.86602796,0,14.91070614,11.08171373,16.80975821,0
30,30,44.60238747,16.55621376,-1.444090661,-3.098270641,0,22.49100409,15.36201608,26.46545811,0
31,31,41.23820564,5.670406215,2.458047797,-8.811039679,0,11.49232634,12.83342356,24.24460078,0
32,32,55.09790454,16.31461619,-4.215030819,6.314847758,0,16.95600958,12.9761364,34.22293445,0
33,33,43.9652983,49.98749688,3.865527073,0.821836381,1,9.253135015,8.757822168,19.05598084,1
34,34,48.58574019,43.251769,7.223829408,-7.696770306,0,14.70079445,-2.807621147,22.38390633,1
35,35,61.40226365,24.6928249,-6.967375618,3.380599984,0,2.290885831,13.57028131,30.59182029,1
36,36,56.06316769,5.035252986,-7.70529558,-3.669780032,0,15.38737805,19.72383748,24.19892036,0
37,37,38.12651945,27.71817548,2.284667538,-4.338924478,0,7.612061856,10.28470629,5.684051087,1
38,38,21.49707223,14.62336309,-8.448396493,3.853462552,0,1.765598991,2.813631441,4.409928328,0
39,39,53.97911795,3.233077924,-2.485991744,2.185142944,0,23.68119831,8.440627797,13.44930491,1
40,40,22.70614164,46.38337132,-2.069808063,0.780636468,0,6.892499496,11.6944687,-10.32443318,0
41,41,39.72379104,41.63301555,8.084861808,-1.640980622,0,10.903223,9.572217653,13.98991964,0
42,42,39.09689447,3.986917401,4.430345302,-6.355220664,0,6.596169021,8.60010106,18.74957692,0
43,43,29.04343311,32.09339465,-8.290393478,-10.19416981,0,6.489533838,-4.645482592,21.05114205,0
44,44,39.76156683,38.05472774,9.895419502,2.912302885,0,24.83451997,-0.792393421,22.40273171,1
45,45,60.18254019,0.4172054,-5.551617355,-4.072566966,0,18.6574448,9.096223464,40.59418554,0
46,46,40.74165093,4.618640337,-2.637912985,-2.484436976,0,11.35795142,6.222781066,15.41695794,0
47,47,58.81914167,41.88926602,-2.306935219,-1.690637412,0,9.538531629,4.193484811,32.15851104,1
48,48,59.08467154,41.88503427,3.075467795,-6.15885822,0,7.750064827,8.756076206,29.48496321,1
49,49,45.88117309,4.190376797,9.012333201,-2.830583966,0,13.40819647,12.41865692,11.83183046,1
50,50,38.30963232,17.44602695,-5.836930447,-0.323105468,0,23.64831033,14.59576179,1.138315484,1
51,51,68.19672644,0.849059992,8.435020591,-4.959457346,0,12.12438765,-0.576982707,38.17889374,1
52,52,68.64988925,40.28551136,6.666575922,2.866607038,0,1.521454501,19.40275516,26.42534121,1
53,53,36.69431905,47.87550977,3.527013129,-1.922137293,0,22.01874959,3.929693582,18.35728655,0
54,54,27.28462313,27.32042863,4.36817179,-9.478059839,0,17.01084485,4.7124703,10.82278055,0
55,55,43.81890475,38.80872416,3.300355542,0.723989195,0,1.42775274,9.81040293,18.0248496,0
56,56,55.19464241,32.76194041,-7.214256865,-0.023791518,0,10.70771966,19.85608406,33.96719987,0
57,57,31.37092247,40.54854504,9.643291496,4.907244769,0,24.38544611,3.169163315,7.064933346,0
58,58,36.80146464,11.76044056,-0.637062881,0.379941332,0,2.820968599,-4.147834594,16.24627066,0
59,59,54.64609776,15.03818862,6.275299368,-4.028311846,0,5.513389962,-2.391246527,23.29909769,1
60,60,70.00619108,48.36827788,-1.103070825,-0.238574653,0,1.77335054,5.808918421,41.29941615,1
61,61,49.75663636,17.1616551,0.361696696,-5.383238226,0,19.65399988,-2.260968469,30.0202034,1
62,62,32.67706393,28.59732403,1.322905007,1.760000464,0,9.284340235,-2.281438264,18.63871227,0
63,63,66.04424969,1.551424642,0.512627084,-9.614995344,1,9.062231804,14.68574726,35.18345868,1
64,64,51.65069327,41.35303303,-9.100541975,-1.024531664,0,19.44483772,11.90822897,25.85543716,0
65,65,48.55973972,20.59316976,-4.32367953,1.812444062,0,9.240516316,9.51276252,18.98139696,1
66,66,28.01957548,37.84388573,-6.125469529,-0.947230149,0,8.190923033,14.50523698,-1.215288953,0
67,67,53.29125796,18.32382982,-3.349447395,-2.930960778,0,5.966114602,2.971407165,36.14234665,1
68,68,56.24089066,24.16519513,-8.435478234,-6.275342645,0,8.442052372,8.290111034,34.02011619,0
69,69,54.18814756,6.822563359,4.266555645,-4.275343104,0,5.279015744,-2.469524457,26.84718373,1
70,70,51.51542277,2.582109056,-8.472357164,1.47771142,0,16.46798754,18.14267806,17.77726396,0
71,71,43.29541856,35.74580865,0.035486436,-6.685774622,0,11.68494601,-1.039265982,23.39548799,1
72,72,45.85744552,5.56379573,-1.2893169,-6.767186433,0,4.092578159,5.041973664,25.55501877,0
73,73,34.17837784,11.25584244,1.762366951,3.189701115,0,4.393080343,-3.56555619,13.1300568,1
74,74,35.88757448,35.94719486,3.301356891,-0.895937234,0,4.797598813,12.36693297,16.1125729,0
75,75,32.97481561,11.53017116,4.540256658,2.772831573,0,11.09338889,4.569186531,13.84977426,0
76,76,43.15653916,6.298978324,-5.364567218,6.110492188,0,9.082061605,0.324553791,12.47787015,1
77,77,35.41864324,21.80591947,7.888975465,2.394665877,0,6.330258347,-4.060891039,16.6403422,0
78,78,32.51181073,26.24943074,9.874692485,1.599756312,0,11.55620498,3.556727844,7.447768148,0
79,79,29.82231803,40.90561032,1.850357791,2.485018728,0,9.629517735,-3.904698621,11.10703341,0
80,80,57.20532229,48.9361236,-4.187938059,1.6710353,0,0.718261779,7.264339882,21.86276336,1
81,81,38.86059983,5.179756973,4.419918666,-0.003934723,0,5.489168986,2.949166157,13.52409411,0
82,82,59.88785166,31.29201158,3.489482906,2.28995184,0,17.31352221,3.359649364,34.50131483,0
83,83,46.61767289,10.72840573,3.869169815,-5.799420405,0,5.871087592,2.280764106,15.23207189,1
84,84,41.74342642,18.93959437,1.125040129,2.174811047,0,22.35117818,1.682460569,19.04397235,0
85,85,33.50354832,16.48810043,-5.642132298,-1.085885542,0,17.82313933,12.34548778,3.858240908,1
86,86,50.13572269,27.79234955,5.562600498,1.181492623,0,4.746343894,7.976846774,26.84277272,0
87,87,44.83313,32.34913772,-5.311138281,4.009401864,0,13.76869315,2.747131441,16.68263184,0
88,88,48.30139454,16.32127227,-0.24091701,4.868060191,0,19.72708781,16.50827625,21.0743986,0
89,89,59.57548901,18.57362636,-2.57500391,-3.473201455,0,15.03763761,18.7181132,22.01587105,1
90,90,17.2882332,34.4817283,2.42904373,-6.032788096,0,10.56517815,-4.548177607,12.32577598,0
91,91,61.63231537,24.53112544,2.643512045,0.508054946,1,23.09389909,12.20501167,25.11031499,1
92,92,46.14614732,45.02542617,3.261308279,3.593894184,0,24.64672693,17.23757495,25.93581201,0
93,93,44.54445988,40.84420596,9.787254995,-4.574435937,0,21.12131438,14.78872223,14.23903646,0
94,94,26.97589162,1.350296917,8.491266849,-0.395455221,0,18.6799594,-2.392911516,13.52050361,0
95,95,54.67929467,46.08678916,2.066689231,6.345056042,0,13.62217658,11.27513348,22.76425703,0
96,96,63.34480794,36.17239901,-2.57979596,-4.92470748,0,7.636162237,18.05267286,25.95107185,1
97,97,26.9263109,39.2171309,-9.631044213,2.541670427,0,21.54314197,-1.7834685,13.19913182,0
98,98,26.66605047,40.76116235,-6.264488008,-0.743001669,1,5.93602889,12.00172824,5.351056941,0
99,99,51.64301547,38.80069138,2.231572722,7.457648055,0,22.67288303,4.032085165,22.83235406,1
100,100,56.02671662,28.64710197,9.857037077,3.255645036,0,22.33333754,19.97221851,25.75481604,1
